{
  "hash": "35d89db6",
  "configHash": "3ca06ea5",
  "lockfileHash": "96bd72d8",
  "browserHash": "09833c8a",
  "optimized": {
    "@angular/common": {
      "src": "../../../../../node_modules/@angular/common/fesm2022/common.mjs",
      "file": "@angular_common.js",
      "fileHash": "81fc3090",
      "needsInterop": false
    },
    "@angular/common/http": {
      "src": "../../../../../node_modules/@angular/common/fesm2022/http.mjs",
      "file": "@angular_common_http.js",
      "fileHash": "360ceb6f",
      "needsInterop": false
    },
    "@angular/core": {
      "src": "../../../../../node_modules/@angular/core/fesm2022/core.mjs",
      "file": "@angular_core.js",
      "fileHash": "3079530f",
      "needsInterop": false
    },
    "@angular/forms": {
      "src": "../../../../../node_modules/@angular/forms/fesm2022/forms.mjs",
      "file": "@angular_forms.js",
      "fileHash": "4bd70303",
      "needsInterop": false
    },
    "@angular/platform-browser": {
      "src": "../../../../../node_modules/@angular/platform-browser/fesm2022/platform-browser.mjs",
      "file": "@angular_platform-browser.js",
      "fileHash": "74da3eef",
      "needsInterop": false
    },
    "@angular/router": {
      "src": "../../../../../node_modules/@angular/router/fesm2022/router.mjs",
      "file": "@angular_router.js",
      "fileHash": "4982e89b",
      "needsInterop": false
    },
    "rxjs": {
      "src": "../../../../../node_modules/rxjs/dist/esm5/index.js",
      "file": "rxjs.js",
      "fileHash": "79a8b375",
      "needsInterop": false
    }
  },
  "chunks": {
    "chunk-YMMCUNHX": {
      "file": "chunk-YMMCUNHX.js"
    },
    "chunk-YJ35XV4A": {
      "file": "chunk-YJ35XV4A.js"
    },
    "chunk-ZSB5FPDL": {
      "file": "chunk-ZSB5FPDL.js"
    },
    "chunk-OI6EX5JM": {
      "file": "chunk-OI6EX5JM.js"
    },
    "chunk-SXIXOCJ4": {
      "file": "chunk-SXIXOCJ4.js"
    }
  }
}